{
  "project_info": {
    "project_number": "429206592147",
    "firebase_url": "https://where-s-my-bus-ca926.firebaseio.com",
    "project_id": "where-s-my-bus-ca926",
    "storage_bucket": "where-s-my-bus-ca926.appspot.com"
  },
  "client": [
    {
      "client_info": {
        "mobilesdk_app_id": "1:429206592147:android:6dfeab25bc9da759a04b66",
        "android_client_info": {
          "package_name": "com.jmit.wmbsender"
        }
      },
      "oauth_client": [
        {
          "client_id": "429206592147-qooukstfcp8kfudh8kqm15a1j2dghs1k.apps.googleusercontent.com",
          "client_type": 1,
          "android_info": {
            "package_name": "com.jmit.wmbsender",
            "certificate_hash": "8456ec2936d3c859755f8b38c834e2828942f7c1"
          }
        },
        {
          "client_id": "429206592147-l24bpqlte1pesun4j40sgtv71rd6n0dl.apps.googleusercontent.com",
          "client_type": 3
        }
      ],
      "api_key": [
        {
          "current_key": "AIzaSyCAItff4rhGMsDTuP6ypixD4lSjt747__I"
        }
      ],
      "services": {
        "appinvite_service": {
          "other_platform_oauth_client": [
            {
              "client_id": "429206592147-l24bpqlte1pesun4j40sgtv71rd6n0dl.apps.googleusercontent.com",
              "client_type": 3
            }
          ]
        }
      }
    }
  ],
  "configuration_version": "1"
}